Workbook

Sheet Dashboard
A1: Forge & Fabric - WIP & Delivery Dashboard
A3: Open Orders | B3: In Production | C3: Delivered Orders | D3: Total Order Qty | E3: Delivered Qty | F3: Net WIP | G3: Rework Qty | H3: Reject Qty | I3: How to read this tracker
A4: =COUNTIFS(Orders!$A$2:$A$500,"<>",Orders!$Q$2:$Q$500,"Open") -> 0 | B4: =COUNTIFS(Orders!$A$2:$A$500,"<>",Orders!$Q$2:$Q$500,"<>Delivered",Orders!$Q$2:$Q$500,"<>") -> 0 | C4: =COUNTIFS(Orders!$A$2:$A$500,"<>",Orders!$Q$2:$Q$500,"Delivered") -> 0 | D4: =SUM(Orders!$G$2:$G$500) -> 0 | E4: =SUM(Orders!$O$2:$O$500) -> 0 | F4: =SUM('Stage Summary'!$F$4:$F$16) -> 0 | G4: =SUM(WIPLog!$J$2:$J$1000) -> 0 | H4: =SUM(WIPLog!$K$2:$K$1000) -> 0 | I4: Enter each movement as a row in WIPLog. Stage Summary and Dashboard will calculate WIP balances, rework, reject, and delivery progress from those entries.
A7: WIP by Production Stage | I7: Quick Entry Checklist
A8: Stage | B8: Total IN | C8: Total OUT | D8: Reject | E8: Net WIP | F8: % WIP | G8: Status | I8: Area | J8: What to Enter | K8: Sheet | L8: Frequency | M8: Owner | N8: Notes
A9: ='Stage Summary'!$A4 -> Customer Order Intake | B9: ='Stage Summary'!$B4 -> 0 | C9: ='Stage Summary'!$C4 -> 0 | D9: ='Stage Summary'!$E4 -> 0 | E9: ='Stage Summary'!$F4 -> 0 | F9: ='Stage Summary'!$G4 -> 0 | G9: =IF(E9=0,"Clear","WIP") -> Clear | I9: Orders | J9: New PO / style / qty / planned date | K9: Orders | L9: When order is received | M9: Planner | N9: One row per customer order
A10: ='Stage Summary'!$A5 -> Raw Material Receiving | B10: ='Stage Summary'!$B5 -> 0 | C10: ='Stage Summary'!$C5 -> 0 | D10: ='Stage Summary'!$E5 -> 0 | E10: ='Stage Summary'!$F5 -> 0 | F10: ='Stage Summary'!$G5 -> 0 | G10: =IF(E10=0,"Clear","WIP") -> Clear | I10: Material | J10: Received fabric, trims, hold/shortage | K10: Orders + WIPLog | L10: On receiving | M10: Warehouse | N10: Use Material Status
A11: ='Stage Summary'!$A6 -> Fabric & Trim Inspection | B11: ='Stage Summary'!$B6 -> 0 | C11: ='Stage Summary'!$C6 -> 0 | D11: ='Stage Summary'!$E6 -> 0 | E11: ='Stage Summary'!$F6 -> 0 | F11: ='Stage Summary'!$G6 -> 0 | G11: =IF(E11=0,"Clear","WIP") -> Clear | I11: Production | J11: Stage IN and OUT quantities | K11: WIPLog | L11: Daily / per batch | M11: Line Supervisor | N11: Use one row per movement
A12: ='Stage Summary'!$A7 -> Pre-Production Planning | B12: ='Stage Summary'!$B7 -> 0 | C12: ='Stage Summary'!$C7 -> 0 | D12: ='Stage Summary'!$E7 -> 0 | E12: ='Stage Summary'!$F7 -> 0 | F12: ='Stage Summary'!$G7 -> 0 | G12: =IF(E12=0,"Clear","WIP") -> Clear | I12: Quality | J12: Rework and reject quantities | K12: WIPLog | L12: At QC gate | M12: QC | N12: Use QC Status
A13: ='Stage Summary'!$A8 -> Pattern / Marker / Cutting | B13: ='Stage Summary'!$B8 -> 0 | C13: ='Stage Summary'!$C8 -> 0 | D13: ='Stage Summary'!$E8 -> 0 | E13: ='Stage Summary'!$F8 -> 0 | F13: ='Stage Summary'!$G8 -> 0 | G13: =IF(E13=0,"Clear","WIP") -> Clear | I13: Delivery | J13: Delivered qty, cartons, POD | K13: Delivery Log | L13: At dispatch | M13: Shipping | N13: Updates Orders automatically
A14: ='Stage Summary'!$A9 -> Bundling & Line Feeding | B14: ='Stage Summary'!$B9 -> 0 | C14: ='Stage Summary'!$C9 -> 0 | D14: ='Stage Summary'!$E9 -> 0 | E14: ='Stage Summary'!$F9 -> 0 | F14: ='Stage Summary'!$G9 -> 0 | G14: =IF(E14=0,"Clear","WIP") -> Clear
A15: ='Stage Summary'!$A10 -> Sewing Production | B15: ='Stage Summary'!$B10 -> 0 | C15: ='Stage Summary'!$C10 -> 0 | D15: ='Stage Summary'!$E10 -> 0 | E15: ='Stage Summary'!$F10 -> 0 | F15: ='Stage Summary'!$G10 -> 0 | G15: =IF(E15=0,"Clear","WIP") -> Clear
A16: ='Stage Summary'!$A11 -> Pre-Wash QC | B16: ='Stage Summary'!$B11 -> 0 | C16: ='Stage Summary'!$C11 -> 0 | D16: ='Stage Summary'!$E11 -> 0 | E16: ='Stage Summary'!$F11 -> 0 | F16: ='Stage Summary'!$G11 -> 0 | G16: =IF(E16=0,"Clear","WIP") -> Clear
A17: ='Stage Summary'!$A12 -> Laundry / Wash / Dry | B17: ='Stage Summary'!$B12 -> 0 | C17: ='Stage Summary'!$C12 -> 0 | D17: ='Stage Summary'!$E12 -> 0 | E17: ='Stage Summary'!$F12 -> 0 | F17: ='Stage Summary'!$G12 -> 0 | G17: =IF(E17=0,"Clear","WIP") -> Clear
A18: ='Stage Summary'!$A13 -> Laser / Ozone / Spray / 3D Finish | B18: ='Stage Summary'!$B13 -> 0 | C18: ='Stage Summary'!$C13 -> 0 | D18: ='Stage Summary'!$E13 -> 0 | E18: ='Stage Summary'!$F13 -> 0 | F18: ='Stage Summary'!$G13 -> 0 | G18: =IF(E18=0,"Clear","WIP") -> Clear
A19: ='Stage Summary'!$A14 -> Final Quality Inspection | B19: ='Stage Summary'!$B14 -> 0 | C19: ='Stage Summary'!$C14 -> 0 | D19: ='Stage Summary'!$E14 -> 0 | E19: ='Stage Summary'!$F14 -> 0 | F19: ='Stage Summary'!$G14 -> 0 | G19: =IF(E19=0,"Clear","WIP") -> Clear
A20: ='Stage Summary'!$A15 -> Pressing / Tagging / Packing | B20: ='Stage Summary'!$B15 -> 0 | C20: ='Stage Summary'!$C15 -> 0 | D20: ='Stage Summary'!$E15 -> 0 | E20: ='Stage Summary'!$F15 -> 0 | F20: ='Stage Summary'!$G15 -> 0 | G20: =IF(E20=0,"Clear","WIP") -> Clear
A21: ='Stage Summary'!$A16 -> Finished Goods Dispatch | B21: ='Stage Summary'!$B16 -> 0 | C21: ='Stage Summary'!$C16 -> 0 | D21: ='Stage Summary'!$E16 -> 0 | E21: ='Stage Summary'!$F16 -> 0 | F21: ='Stage Summary'!$G16 -> 0 | G21: =IF(E21=0,"Clear","WIP") -> Clear

Sheet Orders
A1: Order ID | B1: Customer | C1: PO Number | D1: Style No | E1: Style Description | F1: Color | G1: Order Qty | H1: Order Date | I1: Planned Ship Date | J1: Material Status | K1: Current Stage | L1: Total Stage IN | M1: Total Stage OUT | N1: Reject Qty | O1: Delivered Qty | P1: Open Balance | Q1: Delivery Status | R1: Notes
K2: =IF($A2="","",IF($O2>=$G2,"Delivered",IFERROR(LOOKUP(2,1/(WIPLog!$C$2:$C$1000=$A2),WIPLog!$F$2:$F$1000),"Not Started"))) | L2: =IF($A2="","",SUMIFS(WIPLog!$H:$H,WIPLog!$C:$C,$A2)) | M2: =IF($A2="","",SUMIFS(WIPLog!$I:$I,WIPLog!$C:$C,$A2)) | N2: =IF($A2="","",SUMIFS(WIPLog!$K:$K,WIPLog!$C:$C,$A2)) | O2: =IF($A2="","",SUMIFS('Delivery Log'!$E:$E,'Delivery Log'!$B:$B,$A2)) | P2: =IF($A2="","",MAX(0,$G2-$O2-$N2)) | Q2: =IF($A2="","",IF($O2>=$G2,"Delivered",IF($O2>0,"Partial",IF($P2=0,"Closed","Open"))))
K3: =IF($A3="","",IF($O3>=$G3,"Delivered",IFERROR(LOOKUP(2,1/(WIPLog!$C$2:$C$1000=$A3),WIPLog!$F$2:$F$1000),"Not Started"))) | L3: =IF($A3="","",SUMIFS(WIPLog!$H:$H,WIPLog!$C:$C,$A3)) | M3: =IF($A3="","",SUMIFS(WIPLog!$I:$I,WIPLog!$C:$C,$A3)) | N3: =IF($A3="","",SUMIFS(WIPLog!$K:$K,WIPLog!$C:$C,$A3)) | O3: =IF($A3="","",SUMIFS('Delivery Log'!$E:$E,'Delivery Log'!$B:$B,$A3)) | P3: =IF($A3="","",MAX(0,$G3-$O3-$N3)) | Q3: =IF($A3="","",IF($O3>=$G3,"Delivered",IF($O3>0,"Partial",IF($P3=0,"Closed","Open"))))
K4: =IF($A4="","",IF($O4>=$G4,"Delivered",IFERROR(LOOKUP(2,1/(WIPLog!$C$2:$C$1000=$A4),WIPLog!$F$2:$F$1000),"Not Started"))) | L4: =IF($A4="","",SUMIFS(WIPLog!$H:$H,WIPLog!$C:$C,$A4)) | M4: =IF($A4="","",SUMIFS(WIPLog!$I:$I,WIPLog!$C:$C,$A4)) | N4: =IF($A4="","",SUMIFS(WIPLog!$K:$K,WIPLog!$C:$C,$A4)) | O4: =IF($A4="","",SUMIFS('Delivery Log'!$E:$E,'Delivery Log'!$B:$B,$A4)) | P4: =IF($A4="","",MAX(0,$G4-$O4-$N4)) | Q4: =IF($A4="","",IF($O4>=$G4,"Delivered",IF($O4>0,"Partial",IF($P4=0,"Closed","Open"))))
K5: =IF($A5="","",IF($O5>=$G5,"Delivered",IFERROR(LOOKUP(2,1/(WIPLog!$C$2:$C$1000=$A5),WIPLog!$F$2:$F$1000),"Not Started"))) | L5: =IF($A5="","",SUMIFS(WIPLog!$H:$H,WIPLog!$C:$C,$A5)) | M5: =IF($A5="","",SUMIFS(WIPLog!$I:$I,WIPLog!$C:$C,$A5)) | N5: =IF($A5="","",SUMIFS(WIPLog!$K:$K,WIPLog!$C:$C,$A5)) | O5: =IF($A5="","",SUMIFS('Delivery Log'!$E:$E,'Delivery Log'!$B:$B,$A5)) | P5: =IF($A5="","",MAX(0,$G5-$O5-$N5)) | Q5: =IF($A5="","",IF($O5>=$G5,"Delivered",IF($O5>0,"Partial",IF($P5=0,"Closed","Open"))))
K6: =IF($A6="","",IF($O6>=$G6,"Delivered",IFERROR(LOOKUP(2,1/(WIPLog!$C$2:$C$1000=$A6),WIPLog!$F$2:$F$1000),"Not Started"))) | L6: =IF($A6="","",SUMIFS(WIPLog!$H:$H,WIPLog!$C:$C,$A6)) | M6: =IF($A6="","",SUMIFS(WIPLog!$I:$I,WIPLog!$C:$C,$A6)) | N6: =IF($A6="","",SUMIFS(WIPLog!$K:$K,WIPLog!$C:$C,$A6)) | O6: =IF($A6="","",SUMIFS('Delivery Log'!$E:$E,'Delivery Log'!$B:$B,$A6)) | P6: =IF($A6="","",MAX(0,$G6-$O6-$N6)) | Q6: =IF($A6="","",IF($O6>=$G6,"Delivered",IF($O6>0,"Partial",IF($P6=0,"Closed","Open"))))
K7: =IF($A7="","",IF($O7>=$G7,"Delivered",IFERROR(LOOKUP(2,1/(WIPLog!$C$2:$C$1000=$A7),WIPLog!$F$2:$F$1000),"Not Started"))) | L7: =IF($A7="","",SUMIFS(WIPLog!$H:$H,WIPLog!$C:$C,$A7)) | M7: =IF($A7="","",SUMIFS(WIPLog!$I:$I,WIPLog!$C:$C,$A7)) | N7: =IF($A7="","",SUMIFS(WIPLog!$K:$K,WIPLog!$C:$C,$A7)) | O7: =IF($A7="","",SUMIFS('Delivery Log'!$E:$E,'Delivery Log'!$B:$B,$A7)) | P7: =IF($A7="","",MAX(0,$G7-$O7-$N7)) | Q7: =IF($A7="","",IF($O7>=$G7,"Delivered",IF($O7>0,"Partial",IF($P7=0,"Closed","Open"))))
K8: =IF($A8="","",IF($O8>=$G8,"Delivered",IFERROR(LOOKUP(2,1/(WIPLog!$C$2:$C$1000=$A8),WIPLog!$F$2:$F$1000),"Not Started"))) | L8: =IF($A8="","",SUMIFS(WIPLog!$H:$H,WIPLog!$C:$C,$A8)) | M8: =IF($A8="","",SUMIFS(WIPLog!$I:$I,WIPLog!$C:$C,$A8)) | N8: =IF($A8="","",SUMIFS(WIPLog!$K:$K,WIPLog!$C:$C,$A8)) | O8: =IF($A8="","",SUMIFS('Delivery Log'!$E:$E,'Delivery Log'!$B:$B,$A8)) | P8: =IF($A8="","",MAX(0,$G8-$O8-$N8)) | Q8: =IF($A8="","",IF($O8>=$G8,"Delivered",IF($O8>0,"Partial",IF($P8=0,"Closed","Open"))))
K9: =IF($A9="","",IF($O9>=$G9,"Delivered",IFERROR(LOOKUP(2,1/(WIPLog!$C$2:$C$1000=$A9),WIPLog!$F$2:$F$1000),"Not Started"))) | L9: =IF($A9="","",SUMIFS(WIPLog!$H:$H,WIPLog!$C:$C,$A9)) | M9: =IF($A9="","",SUMIFS(WIPLog!$I:$I,WIPLog!$C:$C,$A9)) | N9: =IF($A9="","",SUMIFS(WIPLog!$K:$K,WIPLog!$C:$C,$A9)) | O9: =IF($A9="","",SUMIFS('Delivery Log'!$E:$E,'Delivery Log'!$B:$B,$A9)) | P9: =IF($A9="","",MAX(0,$G9-$O9-$N9)) | Q9: =IF($A9="","",IF($O9>=$G9,"Delivered",IF($O9>0,"Partial",IF($P9=0,"Closed","Open"))))
K10: =IF($A10="","",IF($O10>=$G10,"Delivered",IFERROR(LOOKUP(2,1/(WIPLog!$C$2:$C$1000=$A10),WIPLog!$F$2:$F$1000),"Not Started"))) | L10: =IF($A10="","",SUMIFS(WIPLog!$H:$H,WIPLog!$C:$C,$A10)) | M10: =IF($A10="","",SUMIFS(WIPLog!$I:$I,WIPLog!$C:$C,$A10)) | N10: =IF($A10="","",SUMIFS(WIPLog!$K:$K,WIPLog!$C:$C,$A10)) | O10: =IF($A10="","",SUMIFS('Delivery Log'!$E:$E,'Delivery Log'!$B:$B,$A10)) | P10: =IF($A10="","",MAX(0,$G10-$O10-$N10)) | Q10: =IF($A10="","",IF($O10>=$G10,"Delivered",IF($O10>0,"Partial",IF($P10=0,"Closed","Open"))))
K11: =IF($A11="","",IF($O11>=$G11,"Delivered",IFERROR(LOOKUP(2,1/(WIPLog!$C$2:$C$1000=$A11),WIPLog!$F$2:$F$1000),"Not Started"))) | L11: =IF($A11="","",SUMIFS(WIPLog!$H:$H,WIPLog!$C:$C,$A11)) | M11: =IF($A11="","",SUMIFS(WIPLog!$I:$I,WIPLog!$C:$C,$A11)) | N11: =IF($A11="","",SUMIFS(WIPLog!$K:$K,WIPLog!$C:$C,$A11)) | O11: =IF($A11="","",SUMIFS('Delivery Log'!$E:$E,'Delivery Log'!$B:$B,$A11)) | P11: =IF($A11="","",MAX(0,$G11-$O11-$N11)) | Q11: =IF($A11="","",IF($O11>=$G11,"Delivered",IF($O11>0,"Partial",IF($P11=0,"Closed","Open"))))
K12: =IF($A12="","",IF($O12>=$G12,"Delivered",IFERROR(LOOKUP(2,1/(WIPLog!$C$2:$C$1000=$A12),WIPLog!$F$2:$F$1000),"Not Started"))) | L12: =IF($A12="","",SUMIFS(WIPLog!$H:$H,WIPLog!$C:$C,$A12)) | M12: =IF($A12="","",SUMIFS(WIPLog!$I:$I,WIPLog!$C:$C,$A12)) | N12: =IF($A12="","",SUMIFS(WIPLog!$K:$K,WIPLog!$C:$C,$A12)) | O12: =IF($A12="","",SUMIFS('Delivery Log'!$E:$E,'Delivery Log'!$B:$B,$A12)) | P12: =IF($A12="","",MAX(0,$G12-$O12-$N12)) | Q12: =IF($A12="","",IF($O12>=$G12,"Delivered",IF($O12>0,"Partial",IF($P12=0,"Closed","Open"))))
K13: =IF($A13="","",IF($O13>=$G13,"Delivered",IFERROR(LOOKUP(2,1/(WIPLog!$C$2:$C$1000=$A13),WIPLog!$F$2:$F$1000),"Not Started"))) | L13: =IF($A13="","",SUMIFS(WIPLog!$H:$H,WIPLog!$C:$C,$A13)) | M13: =IF($A13="","",SUMIFS(WIPLog!$I:$I,WIPLog!$C:$C,$A13)) | N13: =IF($A13="","",SUMIFS(WIPLog!$K:$K,WIPLog!$C:$C,$A13)) | O13: =IF($A13="","",SUMIFS('Delivery Log'!$E:$E,'Delivery Log'!$B:$B,$A13)) | P13: =IF($A13="","",MAX(0,$G13-$O13-$N13)) | Q13: =IF($A13="","",IF($O13>=$G13,"Delivered",IF($O13>0,"Partial",IF($P13=0,"Closed","Open"))))
... K500: =IF($A500="","",IF($O500>=$G500,"Delivered",IFERROR(LOOKUP(2,1/(WIPLog!$C$2:$C$1000=$A500),WIPLog!$F$2:$F$1000),"Not Started"))) | L500: =IF($A500="","",SUMIFS(WIPLog!$H:$H,WIPLog!$C:$C,$A500)) | M500: =IF($A500="","",SUMIFS(WIPLog!$I:$I,WIPLog!$C:$C,$A500)) | N500: =IF($A500="","",SUMIFS(WIPLog!$K:$K,WIPLog!$C:$C,$A500)) | O500: =IF($A500="","",SUMIFS('Delivery Log'!$E:$E,'Delivery Log'!$B:$B,$A500)) | P500: =IF($A500="","",MAX(0,$G500-$O500-$N500)) | Q500: =IF($A500="","",IF($O500>=$G500,"Delivered",IF($O500>0,"Partial",IF($P500=0,"Closed","Open"))))

Sheet WIPLog
A1: Log Date | B1: Log ID | C1: Order ID | D1: Customer | E1: Style No | F1: Stage | G1: Movement Type | H1: Qty IN | I1: Qty OUT | J1: Rework Qty | K1: Reject Qty | L1: Net WIP Impact | M1: QC Status | N1: Operator | O1: Batch / Lot | P1: Remarks | Q1: Updated By
D2: =IF($C2="","",IFERROR(INDEX(Orders!$B:$B,MATCH($C2,Orders!$A:$A,0)),"")) | E2: =IF($C2="","",IFERROR(INDEX(Orders!$D:$D,MATCH($C2,Orders!$A:$A,0)),"")) | L2: =IF($C2="","",$H2-$I2-$K2)
D3: =IF($C3="","",IFERROR(INDEX(Orders!$B:$B,MATCH($C3,Orders!$A:$A,0)),"")) | E3: =IF($C3="","",IFERROR(INDEX(Orders!$D:$D,MATCH($C3,Orders!$A:$A,0)),"")) | L3: =IF($C3="","",$H3-$I3-$K3)
D4: =IF($C4="","",IFERROR(INDEX(Orders!$B:$B,MATCH($C4,Orders!$A:$A,0)),"")) | E4: =IF($C4="","",IFERROR(INDEX(Orders!$D:$D,MATCH($C4,Orders!$A:$A,0)),"")) | L4: =IF($C4="","",$H4-$I4-$K4)
D5: =IF($C5="","",IFERROR(INDEX(Orders!$B:$B,MATCH($C5,Orders!$A:$A,0)),"")) | E5: =IF($C5="","",IFERROR(INDEX(Orders!$D:$D,MATCH($C5,Orders!$A:$A,0)),"")) | L5: =IF($C5="","",$H5-$I5-$K5)
D6: =IF($C6="","",IFERROR(INDEX(Orders!$B:$B,MATCH($C6,Orders!$A:$A,0)),"")) | E6: =IF($C6="","",IFERROR(INDEX(Orders!$D:$D,MATCH($C6,Orders!$A:$A,0)),"")) | L6: =IF($C6="","",$H6-$I6-$K6)
D7: =IF($C7="","",IFERROR(INDEX(Orders!$B:$B,MATCH($C7,Orders!$A:$A,0)),"")) | E7: =IF($C7="","",IFERROR(INDEX(Orders!$D:$D,MATCH($C7,Orders!$A:$A,0)),"")) | L7: =IF($C7="","",$H7-$I7-$K7)
D8: =IF($C8="","",IFERROR(INDEX(Orders!$B:$B,MATCH($C8,Orders!$A:$A,0)),"")) | E8: =IF($C8="","",IFERROR(INDEX(Orders!$D:$D,MATCH($C8,Orders!$A:$A,0)),"")) | L8: =IF($C8="","",$H8-$I8-$K8)
D9: =IF($C9="","",IFERROR(INDEX(Orders!$B:$B,MATCH($C9,Orders!$A:$A,0)),"")) | E9: =IF($C9="","",IFERROR(INDEX(Orders!$D:$D,MATCH($C9,Orders!$A:$A,0)),"")) | L9: =IF($C9="","",$H9-$I9-$K9)
D10: =IF($C10="","",IFERROR(INDEX(Orders!$B:$B,MATCH($C10,Orders!$A:$A,0)),"")) | E10: =IF($C10="","",IFERROR(INDEX(Orders!$D:$D,MATCH($C10,Orders!$A:$A,0)),"")) | L10: =IF($C10="","",$H10-$I10-$K10)
D11: =IF($C11="","",IFERROR(INDEX(Orders!$B:$B,MATCH($C11,Orders!$A:$A,0)),"")) | E11: =IF($C11="","",IFERROR(INDEX(Orders!$D:$D,MATCH($C11,Orders!$A:$A,0)),"")) | L11: =IF($C11="","",$H11-$I11-$K11)
D12: =IF($C12="","",IFERROR(INDEX(Orders!$B:$B,MATCH($C12,Orders!$A:$A,0)),"")) | E12: =IF($C12="","",IFERROR(INDEX(Orders!$D:$D,MATCH($C12,Orders!$A:$A,0)),"")) | L12: =IF($C12="","",$H12-$I12-$K12)
D13: =IF($C13="","",IFERROR(INDEX(Orders!$B:$B,MATCH($C13,Orders!$A:$A,0)),"")) | E13: =IF($C13="","",IFERROR(INDEX(Orders!$D:$D,MATCH($C13,Orders!$A:$A,0)),"")) | L13: =IF($C13="","",$H13-$I13-$K13)
... D1000: =IF($C1000="","",IFERROR(INDEX(Orders!$B:$B,MATCH($C1000,Orders!$A:$A,0)),"")) | E1000: =IF($C1000="","",IFERROR(INDEX(Orders!$D:$D,MATCH($C1000,Orders!$A:$A,0)),"")) | L1000: =IF($C1000="","",$H1000-$I1000-$K1000)

Sheet Stage Summary
A1: Forge & Fabric - Stage WIP Summary
A3: Stage | B3: Total IN | C3: Total OUT | D3: Rework Qty | E3: Reject Qty | F3: Net WIP | G3: % of Total WIP | H3: Notes
A4: Customer Order Intake | B4: =SUMIFS(WIPLog!$H:$H,WIPLog!$F:$F,$A4) -> 0 | C4: =SUMIFS(WIPLog!$I:$I,WIPLog!$F:$F,$A4) -> 0 | D4: =SUMIFS(WIPLog!$J:$J,WIPLog!$F:$F,$A4) -> 0 | E4: =SUMIFS(WIPLog!$K:$K,WIPLog!$F:$F,$A4) -> 0 | F4: =MAX(0,$B4-$C4-$E4) -> 0 | G4: =IF(SUM($F$4:$F$16)=0,0,$F4/SUM($F$4:$F$16)) -> 0
A5: Raw Material Receiving | B5: =SUMIFS(WIPLog!$H:$H,WIPLog!$F:$F,$A5) -> 0 | C5: =SUMIFS(WIPLog!$I:$I,WIPLog!$F:$F,$A5) -> 0 | D5: =SUMIFS(WIPLog!$J:$J,WIPLog!$F:$F,$A5) -> 0 | E5: =SUMIFS(WIPLog!$K:$K,WIPLog!$F:$F,$A5) -> 0 | F5: =MAX(0,$B5-$C5-$E5) -> 0 | G5: =IF(SUM($F$4:$F$16)=0,0,$F5/SUM($F$4:$F$16)) -> 0
A6: Fabric & Trim Inspection | B6: =SUMIFS(WIPLog!$H:$H,WIPLog!$F:$F,$A6) -> 0 | C6: =SUMIFS(WIPLog!$I:$I,WIPLog!$F:$F,$A6) -> 0 | D6: =SUMIFS(WIPLog!$J:$J,WIPLog!$F:$F,$A6) -> 0 | E6: =SUMIFS(WIPLog!$K:$K,WIPLog!$F:$F,$A6) -> 0 | F6: =MAX(0,$B6-$C6-$E6) -> 0 | G6: =IF(SUM($F$4:$F$16)=0,0,$F6/SUM($F$4:$F$16)) -> 0
A7: Pre-Production Planning | B7: =SUMIFS(WIPLog!$H:$H,WIPLog!$F:$F,$A7) -> 0 | C7: =SUMIFS(WIPLog!$I:$I,WIPLog!$F:$F,$A7) -> 0 | D7: =SUMIFS(WIPLog!$J:$J,WIPLog!$F:$F,$A7) -> 0 | E7: =SUMIFS(WIPLog!$K:$K,WIPLog!$F:$F,$A7) -> 0 | F7: =MAX(0,$B7-$C7-$E7) -> 0 | G7: =IF(SUM($F$4:$F$16)=0,0,$F7/SUM($F$4:$F$16)) -> 0
A8: Pattern / Marker / Cutting | B8: =SUMIFS(WIPLog!$H:$H,WIPLog!$F:$F,$A8) -> 0 | C8: =SUMIFS(WIPLog!$I:$I,WIPLog!$F:$F,$A8) -> 0 | D8: =SUMIFS(WIPLog!$J:$J,WIPLog!$F:$F,$A8) -> 0 | E8: =SUMIFS(WIPLog!$K:$K,WIPLog!$F:$F,$A8) -> 0 | F8: =MAX(0,$B8-$C8-$E8) -> 0 | G8: =IF(SUM($F$4:$F$16)=0,0,$F8/SUM($F$4:$F$16)) -> 0
A9: Bundling & Line Feeding | B9: =SUMIFS(WIPLog!$H:$H,WIPLog!$F:$F,$A9) -> 0 | C9: =SUMIFS(WIPLog!$I:$I,WIPLog!$F:$F,$A9) -> 0 | D9: =SUMIFS(WIPLog!$J:$J,WIPLog!$F:$F,$A9) -> 0 | E9: =SUMIFS(WIPLog!$K:$K,WIPLog!$F:$F,$A9) -> 0 | F9: =MAX(0,$B9-$C9-$E9) -> 0 | G9: =IF(SUM($F$4:$F$16)=0,0,$F9/SUM($F$4:$F$16)) -> 0
A10: Sewing Production | B10: =SUMIFS(WIPLog!$H:$H,WIPLog!$F:$F,$A10) -> 0 | C10: =SUMIFS(WIPLog!$I:$I,WIPLog!$F:$F,$A10) -> 0 | D10: =SUMIFS(WIPLog!$J:$J,WIPLog!$F:$F,$A10) -> 0 | E10: =SUMIFS(WIPLog!$K:$K,WIPLog!$F:$F,$A10) -> 0 | F10: =MAX(0,$B10-$C10-$E10) -> 0 | G10: =IF(SUM($F$4:$F$16)=0,0,$F10/SUM($F$4:$F$16)) -> 0
A11: Pre-Wash QC | B11: =SUMIFS(WIPLog!$H:$H,WIPLog!$F:$F,$A11) -> 0 | C11: =SUMIFS(WIPLog!$I:$I,WIPLog!$F:$F,$A11) -> 0 | D11: =SUMIFS(WIPLog!$J:$J,WIPLog!$F:$F,$A11) -> 0 | E11: =SUMIFS(WIPLog!$K:$K,WIPLog!$F:$F,$A11) -> 0 | F11: =MAX(0,$B11-$C11-$E11) -> 0 | G11: =IF(SUM($F$4:$F$16)=0,0,$F11/SUM($F$4:$F$16)) -> 0
A12: Laundry / Wash / Dry | B12: =SUMIFS(WIPLog!$H:$H,WIPLog!$F:$F,$A12) -> 0 | C12: =SUMIFS(WIPLog!$I:$I,WIPLog!$F:$F,$A12) -> 0 | D12: =SUMIFS(WIPLog!$J:$J,WIPLog!$F:$F,$A12) -> 0 | E12: =SUMIFS(WIPLog!$K:$K,WIPLog!$F:$F,$A12) -> 0 | F12: =MAX(0,$B12-$C12-$E12) -> 0 | G12: =IF(SUM($F$4:$F$16)=0,0,$F12/SUM($F$4:$F$16)) -> 0
A13: Laser / Ozone / Spray / 3D Finish | B13: =SUMIFS(WIPLog!$H:$H,WIPLog!$F:$F,$A13) -> 0 | C13: =SUMIFS(WIPLog!$I:$I,WIPLog!$F:$F,$A13) -> 0 | D13: =SUMIFS(WIPLog!$J:$J,WIPLog!$F:$F,$A13) -> 0 | E13: =SUMIFS(WIPLog!$K:$K,WIPLog!$F:$F,$A13) -> 0 | F13: =MAX(0,$B13-$C13-$E13) -> 0 | G13: =IF(SUM($F$4:$F$16)=0,0,$F13/SUM($F$4:$F$16)) -> 0
A14: Final Quality Inspection | B14: =SUMIFS(WIPLog!$H:$H,WIPLog!$F:$F,$A14) -> 0 | C14: =SUMIFS(WIPLog!$I:$I,WIPLog!$F:$F,$A14) -> 0 | D14: =SUMIFS(WIPLog!$J:$J,WIPLog!$F:$F,$A14) -> 0 | E14: =SUMIFS(WIPLog!$K:$K,WIPLog!$F:$F,$A14) -> 0 | F14: =MAX(0,$B14-$C14-$E14) -> 0 | G14: =IF(SUM($F$4:$F$16)=0,0,$F14/SUM($F$4:$F$16)) -> 0
A15: Pressing / Tagging / Packing | B15: =SUMIFS(WIPLog!$H:$H,WIPLog!$F:$F,$A15) -> 0 | C15: =SUMIFS(WIPLog!$I:$I,WIPLog!$F:$F,$A15) -> 0 | D15: =SUMIFS(WIPLog!$J:$J,WIPLog!$F:$F,$A15) -> 0 | E15: =SUMIFS(WIPLog!$K:$K,WIPLog!$F:$F,$A15) -> 0 | F15: =MAX(0,$B15-$C15-$E15) -> 0 | G15: =IF(SUM($F$4:$F$16)=0,0,$F15/SUM($F$4:$F$16)) -> 0
A16: Finished Goods Dispatch | B16: =SUMIFS(WIPLog!$H:$H,WIPLog!$F:$F,$A16) -> 0 | C16: =SUMIFS(WIPLog!$I:$I,WIPLog!$F:$F,$A16) -> 0 | D16: =SUMIFS(WIPLog!$J:$J,WIPLog!$F:$F,$A16) -> 0 | E16: =SUMIFS(WIPLog!$K:$K,WIPLog!$F:$F,$A16) -> 0 | F16: =MAX(0,$B16-$C16-$E16) -> 0 | G16: =IF(SUM($F$4:$F$16)=0,0,$F16/SUM($F$4:$F$16)) -> 0
A20: Order Status Summary
A21: Order ID | B21: Customer | C21: Style No | D21: Order Qty | E21: Current Stage | F21: Delivered Qty | G21: Open Balance | H21: Delivery Status
A22: =IF(Orders!$A2="","",Orders!$A2) | B22: =IF(Orders!$A2="","",Orders!$B2) | C22: =IF(Orders!$A2="","",Orders!$D2) | D22: =IF(Orders!$A2="","",Orders!$G2) | E22: =IF(Orders!$A2="","",Orders!$K2) | F22: =IF(Orders!$A2="","",Orders!$O2) | G22: =IF(Orders!$A2="","",Orders!$P2) | H22: =IF(Orders!$A2="","",Orders!$Q2)
A23: =IF(Orders!$A3="","",Orders!$A3) | B23: =IF(Orders!$A3="","",Orders!$B3) | C23: =IF(Orders!$A3="","",Orders!$D3) | D23: =IF(Orders!$A3="","",Orders!$G3) | E23: =IF(Orders!$A3="","",Orders!$K3) | F23: =IF(Orders!$A3="","",Orders!$O3) | G23: =IF(Orders!$A3="","",Orders!$P3) | H23: =IF(Orders!$A3="","",Orders!$Q3)
A24: =IF(Orders!$A4="","",Orders!$A4) | B24: =IF(Orders!$A4="","",Orders!$B4) | C24: =IF(Orders!$A4="","",Orders!$D4) | D24: =IF(Orders!$A4="","",Orders!$G4) | E24: =IF(Orders!$A4="","",Orders!$K4) | F24: =IF(Orders!$A4="","",Orders!$O4) | G24: =IF(Orders!$A4="","",Orders!$P4) | H24: =IF(Orders!$A4="","",Orders!$Q4)
A25: =IF(Orders!$A5="","",Orders!$A5) | B25: =IF(Orders!$A5="","",Orders!$B5) | C25: =IF(Orders!$A5="","",Orders!$D5) | D25: =IF(Orders!$A5="","",Orders!$G5) | E25: =IF(Orders!$A5="","",Orders!$K5) | F25: =IF(Orders!$A5="","",Orders!$O5) | G25: =IF(Orders!$A5="","",Orders!$P5) | H25: =IF(Orders!$A5="","",Orders!$Q5)
A26: =IF(Orders!$A6="","",Orders!$A6) | B26: =IF(Orders!$A6="","",Orders!$B6) | C26: =IF(Orders!$A6="","",Orders!$D6) | D26: =IF(Orders!$A6="","",Orders!$G6) | E26: =IF(Orders!$A6="","",Orders!$K6) | F26: =IF(Orders!$A6="","",Orders!$O6) | G26: =IF(Orders!$A6="","",Orders!$P6) | H26: =IF(Orders!$A6="","",Orders!$Q6)
A27: =IF(Orders!$A7="","",Orders!$A7) | B27: =IF(Orders!$A7="","",Orders!$B7) | C27: =IF(Orders!$A7="","",Orders!$D7) | D27: =IF(Orders!$A7="","",Orders!$G7) | E27: =IF(Orders!$A7="","",Orders!$K7) | F27: =IF(Orders!$A7="","",Orders!$O7) | G27: =IF(Orders!$A7="","",Orders!$P7) | H27: =IF(Orders!$A7="","",Orders!$Q7)
A28: =IF(Orders!$A8="","",Orders!$A8) | B28: =IF(Orders!$A8="","",Orders!$B8) | C28: =IF(Orders!$A8="","",Orders!$D8) | D28: =IF(Orders!$A8="","",Orders!$G8) | E28: =IF(Orders!$A8="","",Orders!$K8) | F28: =IF(Orders!$A8="","",Orders!$O8) | G28: =IF(Orders!$A8="","",Orders!$P8) | H28: =IF(Orders!$A8="","",Orders!$Q8)
A29: =IF(Orders!$A9="","",Orders!$A9) | B29: =IF(Orders!$A9="","",Orders!$B9) | C29: =IF(Orders!$A9="","",Orders!$D9) | D29: =IF(Orders!$A9="","",Orders!$G9) | E29: =IF(Orders!$A9="","",Orders!$K9) | F29: =IF(Orders!$A9="","",Orders!$O9) | G29: =IF(Orders!$A9="","",Orders!$P9) | H29: =IF(Orders!$A9="","",Orders!$Q9)
A30: =IF(Orders!$A10="","",Orders!$A10) | B30: =IF(Orders!$A10="","",Orders!$B10) | C30: =IF(Orders!$A10="","",Orders!$D10) | D30: =IF(Orders!$A10="","",Orders!$G10) | E30: =IF(Orders!$A10="","",Orders!$K10) | F30: =IF(Orders!$A10="","",Orders!$O10) | G30: =IF(Orders!$A10="","",Orders!$P10) | H30: =IF(Orders!$A10="","",Orders!$Q10)
A31: =IF(Orders!$A11="","",Orders!$A11) | B31: =IF(Orders!$A11="","",Orders!$B11) | C31: =IF(Orders!$A11="","",Orders!$D11) | D31: =IF(Orders!$A11="","",Orders!$G11) | E31: =IF(Orders!$A11="","",Orders!$K11) | F31: =IF(Orders!$A11="","",Orders!$O11) | G31: =IF(Orders!$A11="","",Orders!$P11) | H31: =IF(Orders!$A11="","",Orders!$Q11)
A32: =IF(Orders!$A12="","",Orders!$A12) | B32: =IF(Orders!$A12="","",Orders!$B12) | C32: =IF(Orders!$A12="","",Orders!$D12) | D32: =IF(Orders!$A12="","",Orders!$G12) | E32: =IF(Orders!$A12="","",Orders!$K12) | F32: =IF(Orders!$A12="","",Orders!$O12) | G32: =IF(Orders!$A12="","",Orders!$P12) | H32: =IF(Orders!$A12="","",Orders!$Q12)
A33: =IF(Orders!$A13="","",Orders!$A13) | B33: =IF(Orders!$A13="","",Orders!$B13) | C33: =IF(Orders!$A13="","",Orders!$D13) | D33: =IF(Orders!$A13="","",Orders!$G13) | E33: =IF(Orders!$A13="","",Orders!$K13) | F33: =IF(Orders!$A13="","",Orders!$O13) | G33: =IF(Orders!$A13="","",Orders!$P13) | H33: =IF(Orders!$A13="","",Orders!$Q13)
... A121: =IF(Orders!$A101="","",Orders!$A101) | B121: =IF(Orders!$A101="","",Orders!$B101) | C121: =IF(Orders!$A101="","",Orders!$D101) | D121: =IF(Orders!$A101="","",Orders!$G101) | E121: =IF(Orders!$A101="","",Orders!$K101) | F121: =IF(Orders!$A101="","",Orders!$O101) | G121: =IF(Orders!$A101="","",Orders!$P101) | H121: =IF(Orders!$A101="","",Orders!$Q101)

Sheet Delivery Log
A1: Delivery Date | B1: Order ID | C1: Customer | D1: Style No | E1: Delivered Qty | F1: Cartons | G1: Carrier / Truck | H1: POD / Tracking | I1: Customer Acceptance | J1: Invoice / Ref | K1: Remarks
C2: =IF($B2="","",IFERROR(INDEX(Orders!$B:$B,MATCH($B2,Orders!$A:$A,0)),"")) | D2: =IF($B2="","",IFERROR(INDEX(Orders!$D:$D,MATCH($B2,Orders!$A:$A,0)),""))
C3: =IF($B3="","",IFERROR(INDEX(Orders!$B:$B,MATCH($B3,Orders!$A:$A,0)),"")) | D3: =IF($B3="","",IFERROR(INDEX(Orders!$D:$D,MATCH($B3,Orders!$A:$A,0)),""))
C4: =IF($B4="","",IFERROR(INDEX(Orders!$B:$B,MATCH($B4,Orders!$A:$A,0)),"")) | D4: =IF($B4="","",IFERROR(INDEX(Orders!$D:$D,MATCH($B4,Orders!$A:$A,0)),""))
C5: =IF($B5="","",IFERROR(INDEX(Orders!$B:$B,MATCH($B5,Orders!$A:$A,0)),"")) | D5: =IF($B5="","",IFERROR(INDEX(Orders!$D:$D,MATCH($B5,Orders!$A:$A,0)),""))
C6: =IF($B6="","",IFERROR(INDEX(Orders!$B:$B,MATCH($B6,Orders!$A:$A,0)),"")) | D6: =IF($B6="","",IFERROR(INDEX(Orders!$D:$D,MATCH($B6,Orders!$A:$A,0)),""))
C7: =IF($B7="","",IFERROR(INDEX(Orders!$B:$B,MATCH($B7,Orders!$A:$A,0)),"")) | D7: =IF($B7="","",IFERROR(INDEX(Orders!$D:$D,MATCH($B7,Orders!$A:$A,0)),""))
C8: =IF($B8="","",IFERROR(INDEX(Orders!$B:$B,MATCH($B8,Orders!$A:$A,0)),"")) | D8: =IF($B8="","",IFERROR(INDEX(Orders!$D:$D,MATCH($B8,Orders!$A:$A,0)),""))
C9: =IF($B9="","",IFERROR(INDEX(Orders!$B:$B,MATCH($B9,Orders!$A:$A,0)),"")) | D9: =IF($B9="","",IFERROR(INDEX(Orders!$D:$D,MATCH($B9,Orders!$A:$A,0)),""))
C10: =IF($B10="","",IFERROR(INDEX(Orders!$B:$B,MATCH($B10,Orders!$A:$A,0)),"")) | D10: =IF($B10="","",IFERROR(INDEX(Orders!$D:$D,MATCH($B10,Orders!$A:$A,0)),""))
C11: =IF($B11="","",IFERROR(INDEX(Orders!$B:$B,MATCH($B11,Orders!$A:$A,0)),"")) | D11: =IF($B11="","",IFERROR(INDEX(Orders!$D:$D,MATCH($B11,Orders!$A:$A,0)),""))
C12: =IF($B12="","",IFERROR(INDEX(Orders!$B:$B,MATCH($B12,Orders!$A:$A,0)),"")) | D12: =IF($B12="","",IFERROR(INDEX(Orders!$D:$D,MATCH($B12,Orders!$A:$A,0)),""))
C13: =IF($B13="","",IFERROR(INDEX(Orders!$B:$B,MATCH($B13,Orders!$A:$A,0)),"")) | D13: =IF($B13="","",IFERROR(INDEX(Orders!$D:$D,MATCH($B13,Orders!$A:$A,0)),""))
... C500: =IF($B500="","",IFERROR(INDEX(Orders!$B:$B,MATCH($B500,Orders!$A:$A,0)),"")) | D500: =IF($B500="","",IFERROR(INDEX(Orders!$D:$D,MATCH($B500,Orders!$A:$A,0)),""))

Sheet Lists
A1: Production Stages | B1: Movement Types | C1: QC Status | D1: Material Status | F1: Delivery Status | G1: Customer Acceptance
A2: Customer Order Intake | B2: IN | C2: Not Checked | D2: Pending | F2: Open | G2: Pending
A3: Raw Material Receiving | B3: OUT | C3: Pass | D3: Received | F3: Partial | G3: Accepted
A4: Fabric & Trim Inspection | B4: REWORK | C4: Rework | D4: In Inspection | F4: Ready to Ship | G4: Rejected
A5: Pre-Production Planning | B5: REJECT | C5: Reject | D5: Approved | F5: Delivered | G5: Claims / Review
A6: Pattern / Marker / Cutting | B6: HOLD | C6: Hold | D6: On Hold | F6: Closed
A7: Bundling & Line Feeding | B7: ADJUSTMENT | C7: Customer Review | D7: Shortage | F7: On Hold
A8: Sewing Production | D8: Rejected
A9: Pre-Wash QC
A10: Laundry / Wash / Dry
A11: Laser / Ozone / Spray / 3D Finish
A12: Final Quality Inspection
A13: Pressing / Tagging / Packing
A14: Finished Goods Dispatch

Sheet Instructions
A1: Forge & Fabric WIP Tracker - How to Use
A3: Purpose
A4: Use this workbook to track customer orders, customer-supplied raw materials, WIP movement through each production stage, and final delivery of finished garments.
A8: Recommended Daily Entry Flow
A9: 1 | B9: Enter the customer order on the Orders sheet.
A10: 2 | B10: For each movement into or out of a department/stage, enter one row in WIPLog.
A11: 3 | B11: Use Stage Summary to see WIP quantity currently sitting at each production stage.
A12: 4 | B12: Record final shipments on Delivery Log when packed cartons leave the facility.
A13: 5 | B13: Use Dashboard for a quick view of open orders, delivered quantity, rejects, rework, and WIP by stage.
A15: Important Notes
A16: • Customer supplies fabric, trims, and accessories. Track shortages or holds on the Orders sheet.
A17: • Use Movement Type = IN when garments enter a stage and OUT when they leave that stage.
A18: • Use REWORK or REJECT quantities to keep quality issues visible.
A19: • Final delivery quantities should be recorded on Delivery Log; Orders will calculate delivery status.
A20: • Do not delete formula columns. Add new rows inside the formatted table areas as needed.
